Workbook

Sheet Leilão
K3: Retorno | L3: 0.1
A4: Produto | B4: G1 | C4: G2 | D4: G3 | E4: G4 | F4: G5 | G4: G6 | H4: G7 | I4: Valor da Proxima Rodada | K4: Valor Inicial | L4: 9000
A5: 1 | I5: =IFERROR(LARGE(B5:H5,1)*$L$3,0) -> 0
A6: 2 | I6: =IFERROR(LARGE(B6:H6,1)*$L$3,0) -> 0
A7: 3 | I7: =IFERROR(LARGE(B7:H7,1)*$L$3,0) -> 0
A8: 4 | I8: =IFERROR(LARGE(B8:H8,1)*$L$3,0) -> 0
A9: 5 | I9: =IFERROR(LARGE(B9:H9,1)*$L$3,0) -> 0
A10: 6 | I10: =IFERROR(LARGE(B10:H10,1)*$L$3,0) -> 0
A11: 7 | I11: =IFERROR(LARGE(B11:H11,1)*$L$3,0) -> 0
A12: 8 | I12: =IFERROR(LARGE(B12:H12,1)*$L$3,0) -> 0
A13: 9 | I13: =IFERROR(LARGE(B13:H13,1)*$L$3,0) -> 0
A14: 10 | I14: =IFERROR(LARGE(B14:H14,1)*$L$3,0) -> 0
A15: 11 | I15: =IFERROR(LARGE(B15:H15,1)*$L$3,0) -> 0
A16: 12 | I16: =IFERROR(LARGE(B16:H16,1)*$L$3,0) -> 0
... A18: 14 | I18: =IFERROR(LARGE(B18:H18,1)*$L$3,0) -> 0
B20: =B4 -> G1 | C20: =C4 -> G2 | D20: =D4 -> G3 | E20: =E4 -> G4 | F20: =F4 -> G5 | G20: =G4 -> G6 | H20: =H4 -> G7
A21: Pontos Restantes | B21: =$L$4-SUM(B$5:B$18)+SUM($I$5:$I$18) -> 9000 | C21: =$L$4-SUM(C$5:C$18)+SUM($I$5:$I$18) -> 9000 | D21: =$L$4-SUM(D$5:D$18)+SUM($I$5:$I$18) -> 9000 | E21: =$L$4-SUM(E$5:E$18)+SUM($I$5:$I$18) -> 9000 | F21: =$L$4-SUM(F$5:F$18)+SUM($I$5:$I$18) -> 9000 | G21: =$L$4-SUM(G$5:G$18)+SUM($I$5:$I$18) -> 9000 | H21: =$L$4-SUM(H$5:H$18)+SUM($I$5:$I$18) -> 9000

Sheet Resultado
A4: Produto | B4: =Leilão!B4 -> G1 | C4: =Leilão!C4 -> G2 | D4: =Leilão!D4 -> G3 | E4: =Leilão!E4 -> G4 | F4: =Leilão!F4 -> G5 | G4: =Leilão!G4 -> G6 | H4: =Leilão!H4 -> G7
A5: 1 | B5: =IF(Leilão!B5,Valores!$C2,0) -> 0 | C5: =IF(Leilão!C5,Valores!$C2,0) -> 0 | D5: =IF(Leilão!D5,Valores!$C2,0) -> 0 | E5: =IF(Leilão!E5,Valores!$C2,0) -> 0 | F5: =IF(Leilão!F5,Valores!$C2,0) -> 0 | G5: =IF(Leilão!G5,Valores!$C2,0) -> 0 | H5: =IF(Leilão!H5,Valores!$C2,0) -> 0
A6: 2 | B6: =IF(Leilão!B6,Valores!$C3,0) -> 0 | C6: =IF(Leilão!C6,Valores!$C3,0) -> 0 | D6: =IF(Leilão!D6,Valores!$C3,0) -> 0 | E6: =IF(Leilão!E6,Valores!$C3,0) -> 0 | F6: =IF(Leilão!F6,Valores!$C3,0) -> 0 | G6: =IF(Leilão!G6,Valores!$C3,0) -> 0 | H6: =IF(Leilão!H6,Valores!$C3,0) -> 0
A7: 3 | B7: =IF(Leilão!B7,Valores!$C4,0) -> 0 | C7: =IF(Leilão!C7,Valores!$C4,0) -> 0 | D7: =IF(Leilão!D7,Valores!$C4,0) -> 0 | E7: =IF(Leilão!E7,Valores!$C4,0) -> 0 | F7: =IF(Leilão!F7,Valores!$C4,0) -> 0 | G7: =IF(Leilão!G7,Valores!$C4,0) -> 0 | H7: =IF(Leilão!H7,Valores!$C4,0) -> 0
A8: 4 | B8: =IF(Leilão!B8,Valores!$C5,0) -> 0 | C8: =IF(Leilão!C8,Valores!$C5,0) -> 0 | D8: =IF(Leilão!D8,Valores!$C5,0) -> 0 | E8: =IF(Leilão!E8,Valores!$C5,0) -> 0 | F8: =IF(Leilão!F8,Valores!$C5,0) -> 0 | G8: =IF(Leilão!G8,Valores!$C5,0) -> 0 | H8: =IF(Leilão!H8,Valores!$C5,0) -> 0
A9: 5 | B9: =IF(Leilão!B9,Valores!$C6,0) -> 0 | C9: =IF(Leilão!C9,Valores!$C6,0) -> 0 | D9: =IF(Leilão!D9,Valores!$C6,0) -> 0 | E9: =IF(Leilão!E9,Valores!$C6,0) -> 0 | F9: =IF(Leilão!F9,Valores!$C6,0) -> 0 | G9: =IF(Leilão!G9,Valores!$C6,0) -> 0 | H9: =IF(Leilão!H9,Valores!$C6,0) -> 0
A10: 6 | B10: =IF(Leilão!B10,Valores!$C7,0) -> 0 | C10: =IF(Leilão!C10,Valores!$C7,0) -> 0 | D10: =IF(Leilão!D10,Valores!$C7,0) -> 0 | E10: =IF(Leilão!E10,Valores!$C7,0) -> 0 | F10: =IF(Leilão!F10,Valores!$C7,0) -> 0 | G10: =IF(Leilão!G10,Valores!$C7,0) -> 0 | H10: =IF(Leilão!H10,Valores!$C7,0) -> 0
A11: 7 | B11: =IF(Leilão!B11,Valores!$C8,0) -> 0 | C11: =IF(Leilão!C11,Valores!$C8,0) -> 0 | D11: =IF(Leilão!D11,Valores!$C8,0) -> 0 | E11: =IF(Leilão!E11,Valores!$C8,0) -> 0 | F11: =IF(Leilão!F11,Valores!$C8,0) -> 0 | G11: =IF(Leilão!G11,Valores!$C8,0) -> 0 | H11: =IF(Leilão!H11,Valores!$C8,0) -> 0
A12: 8 | B12: =IF(Leilão!B12,Valores!$C9,0) -> 0 | C12: =IF(Leilão!C12,Valores!$C9,0) -> 0 | D12: =IF(Leilão!D12,Valores!$C9,0) -> 0 | E12: =IF(Leilão!E12,Valores!$C9,0) -> 0 | F12: =IF(Leilão!F12,Valores!$C9,0) -> 0 | G12: =IF(Leilão!G12,Valores!$C9,0) -> 0 | H12: =IF(Leilão!H12,Valores!$C9,0) -> 0
A13: 9 | B13: =IF(Leilão!B13,Valores!$C10,0) -> 0 | C13: =IF(Leilão!C13,Valores!$C10,0) -> 0 | D13: =IF(Leilão!D13,Valores!$C10,0) -> 0 | E13: =IF(Leilão!E13,Valores!$C10,0) -> 0 | F13: =IF(Leilão!F13,Valores!$C10,0) -> 0 | G13: =IF(Leilão!G13,Valores!$C10,0) -> 0 | H13: =IF(Leilão!H13,Valores!$C10,0) -> 0
A14: 10 | B14: =IF(Leilão!B14,Valores!$C11,0) -> 0 | C14: =IF(Leilão!C14,Valores!$C11,0) -> 0 | D14: =IF(Leilão!D14,Valores!$C11,0) -> 0 | E14: =IF(Leilão!E14,Valores!$C11,0) -> 0 | F14: =IF(Leilão!F14,Valores!$C11,0) -> 0 | G14: =IF(Leilão!G14,Valores!$C11,0) -> 0 | H14: =IF(Leilão!H14,Valores!$C11,0) -> 0
A15: 11 | B15: =IF(Leilão!B15,Valores!$C12,0) -> 0 | C15: =IF(Leilão!C15,Valores!$C12,0) -> 0 | D15: =IF(Leilão!D15,Valores!$C12,0) -> 0 | E15: =IF(Leilão!E15,Valores!$C12,0) -> 0 | F15: =IF(Leilão!F15,Valores!$C12,0) -> 0 | G15: =IF(Leilão!G15,Valores!$C12,0) -> 0 | H15: =IF(Leilão!H15,Valores!$C12,0) -> 0
A16: 12 | B16: =IF(Leilão!B16,Valores!$C13,0) -> 0 | C16: =IF(Leilão!C16,Valores!$C13,0) -> 0 | D16: =IF(Leilão!D16,Valores!$C13,0) -> 0 | E16: =IF(Leilão!E16,Valores!$C13,0) -> 0 | F16: =IF(Leilão!F16,Valores!$C13,0) -> 0 | G16: =IF(Leilão!G16,Valores!$C13,0) -> 0 | H16: =IF(Leilão!H16,Valores!$C13,0) -> 0
... A18: 14 | B18: =IF(Leilão!B18,Valores!$C15,0) -> 0 | C18: =IF(Leilão!C18,Valores!$C15,0) -> 0 | D18: =IF(Leilão!D18,Valores!$C15,0) -> 0 | E18: =IF(Leilão!E18,Valores!$C15,0) -> 0 | F18: =IF(Leilão!F18,Valores!$C15,0) -> 0 | G18: =IF(Leilão!G18,Valores!$C15,0) -> 0 | H18: =IF(Leilão!H18,Valores!$C15,0) -> 0
B20: =B4 -> G1 | C20: =C4 -> G2 | D20: =D4 -> G3 | E20: =E4 -> G4 | F20: =F4 -> G5 | G20: =G4 -> G6 | H20: =H4 -> G7
A21: Valor Real Total | B21: =SUM(B$5:B$18) -> 0 | C21: =SUM(C$5:C$18) -> 0 | D21: =SUM(D$5:D$18) -> 0 | E21: =SUM(E$5:E$18) -> 0 | F21: =SUM(F$5:F$18) -> 0 | G21: =SUM(G$5:G$18) -> 0 | H21: =SUM(H$5:H$18) -> 0
A43: Vencedor: | F43: =INDEX(B20:H20,MATCH(LARGE(B21:H21,1),B21:H21,0)) -> G1

Sheet Valores
B1: Item | C1: Valor (R$) | D1: Média Pontos | E1: Leilão Decrescente Inicio | F1: Leilão Crescente Inicio
A2: 1 | B2: Caixa de som JBL grande BoomBox | C2: 2400 | D2: 800 | E2: 1400 | F2: 500
A3: 2 | B3: 1 onça de ouro puro (31g) | C3: 18000 | D3: 6000 | E3: 10000 | F3: 5000
A4: 3 | B4: Placa de vídeo RTX 4090 | C4: 18000 | D4: 6000 | E4: 10000 | F4: 4500
A5: 4 | B5: Óculos Rayban masculino original | C5: 1200 | D5: 400 | E5: 700 | F5: 300
A6: 5 | B6: Bolsa de Grife Michael Kors | C6: 2000 | D6: 667 | E6: 1100 | F6: 500
A7: 6 | B7: 200 Ações da Apple APPL | C7: 11500 | D7: 3833 | E7: 6400 | F7: 1000
A8: 7 | B8: Máquina de café espresso profissional | C8: 9000 | D8: 3000 | E8: 5000 | F8: 2400
A9: 8 | B9: Moto Honda CG 160 | C9: 18000 | D9: 6000 | E9: 10000 | F9: 4500
A10: 9 | B10: DJI Mini 3 Pro | C10: 6000 | D10: 2000 | E10: 3300 | F10: 1500
A11: 10 | B11: Notebook MacBook Air M2 (2022) | C11: 6800 | D11: 2267 | E11: 3800 | F11: 1800
A12: 11 | B12: Anel de ouro 18k com diamante | C12: 13000 | D12: 4333 | E12: 7200 | F12: 3500
A13: 12 | B13: PlayStation 5 Pro | C13: 6100 | D13: 2033 | E13: 3400 | F13: 1500
... A15: 14 | B15: Piano Yamaha P-125a | C15: 6000 | D15: 2000 | E15: 3300 | F15: 1500
